"condition","temp","psych","InCS","NFC","InJu1","InJu2","gender","age","temp_psych"
"long","short","long","It's wrong and I can provide a valid reason.",NA,1,NA,"Male",38,"short_long"
"long","short","long","There is nothing wrong.",6,4,4,"Male",27,"short_long"
"long","short","long","There is nothing wrong.",6,7,7,"Female",29,"short_long"
"long","short","long","There is nothing wrong.",3,7,7,"Male",32,"short_long"
"long","short","long","There is nothing wrong.",9,4,4,"Female",35,"short_long"
"long","short","long","There is nothing wrong.",4,4,4,"Male",57,"short_long"
"long","short","long","There is nothing wrong.",7,4,4,"Male",23,"short_long"
"long","short","long","There is nothing wrong.",9,5,5,"Female",37,"short_long"
"long","short","long","There is nothing wrong.",7,7,7,"Male",37,"short_long"
"long","short","long","There is nothing wrong.",4,4,4,"Female",31,"short_long"
"long","short","long","There is nothing wrong.",5,7,7,"Female",28,"short_long"
"long","short","long","There is nothing wrong.",4,7,7,"Male",29,"short_long"
"long","short","long","It's wrong but I can't think of a reason.",7,1,4,"Male",37,"short_long"
"long","short","long","It's wrong and I can provide a valid reason.",0,1,1,"Female",25,"short_long"
"long","short","long","It's wrong and I can provide a valid reason.",5,7,5,"Female",32,"short_long"
"long","short","long","It's wrong and I can provide a valid reason.",6,4,5,"Female",22,"short_long"
"long","short","long","It's wrong and I can provide a valid reason.",3,3,3,"Male",60,"short_long"
"long","short","long","There is nothing wrong.",6,7,2,"Male",33,"short_long"
"long","short","long","There is nothing wrong.",0,5,6,"Male",30,"short_long"
"long","short","long","It's wrong but I can't think of a reason.",8,1,1,"Female",43,"short_long"
"long","short","long","It's wrong but I can't think of a reason.",6,5,5,"Male",34,"short_long"
"long","short","long","It's wrong but I can't think of a reason.",5,7,7,"Male",22,"short_long"
"long","short","long","It's wrong and I can provide a valid reason.",5,1,1,"Female",25,"short_long"
"long","short","long","It's wrong and I can provide a valid reason.",5,1,1,"Female",23,"short_long"
"long","short","long","There is nothing wrong.",2,3,3,"Female",55,"short_long"
"long","short","long","There is nothing wrong.",6,6,5,"Male",27,"short_long"
"long","short","long","It's wrong but I can't think of a reason.",7,1,1,"Female",39,"short_long"
"long","short","long","It's wrong but I can't think of a reason.",8,4,4,"Female",45,"short_long"
"long","short","long","It's wrong but I can't think of a reason.",1,1,1,"Female",67,"short_long"
"long","short","long","It's wrong but I can't think of a reason.",3,1,1,"Male",35,"short_long"
"long","short","long","It's wrong but I can't think of a reason.",2,2,3,"Female",27,"short_long"
"long","short","long","It's wrong but I can't think of a reason.",9,1,1,"Male",36,"short_long"
"long","short","long","It's wrong but I can't think of a reason.",4,5,7,"Male",30,"short_long"
"long","short","long","It's wrong and I can provide a valid reason.",6,1,1,"Male",43,"short_long"
"long","short","long","It's wrong and I can provide a valid reason.",6,1,1,"Male",42,"short_long"
"long","short","long","It's wrong and I can provide a valid reason.",10,1,1,"Female",55,"short_long"
"long","short","long","It's wrong and I can provide a valid reason.",6,1,1,"Male",37,"short_long"
"long","short","long","It's wrong and I can provide a valid reason.",5,1,1,"Female",40,"short_long"
"long","short","long","It's wrong and I can provide a valid reason.",6,4,4,"Male",38,"short_long"
"long","short","long","It's wrong and I can provide a valid reason.",3,1,1,"Female",55,"short_long"
"long","short","long","It's wrong and I can provide a valid reason.",7,1,1,"Male",32,"short_long"
"long","short","long","It's wrong and I can provide a valid reason.",7,1,1,"Female",42,"short_long"
"long","short","long","It's wrong and I can provide a valid reason.",3,1,1,"Female",32,"short_long"
"long","short","long","It's wrong and I can provide a valid reason.",10,1,1,"Male",24,"short_long"
"long","short","long","It's wrong and I can provide a valid reason.",2,1,1,"Male",42,"short_long"
"long","short","long","It's wrong and I can provide a valid reason.",6,1,1,"Female",26,"short_long"
"long","short","long","It's wrong and I can provide a valid reason.",6,1,1,"Female",58,"short_long"
"long","short","long","It's wrong and I can provide a valid reason.",6,1,1,"Male",34,"short_long"
"long","short","long","It's wrong and I can provide a valid reason.",2,1,1,"Male",25,"short_long"
"long","short","long","It's wrong and I can provide a valid reason.",0,1,1,"Female",31,"short_long"
"long","short","long","It's wrong and I can provide a valid reason.",7,1,1,"Female",60,"short_long"
"long","short","long","It's wrong and I can provide a valid reason.",3,1,1,"Female",72,"short_long"
"long","short","long","It's wrong and I can provide a valid reason.",8,1,1,"Male",32,"short_long"
"long","short","long","It's wrong and I can provide a valid reason.",2,1,1,"Male",29,"short_long"
"long","short","long","It's wrong and I can provide a valid reason.",4,3,2,"Female",39,"short_long"
"long","short","long","It's wrong and I can provide a valid reason.",5,2,2,"Female",51,"short_long"
"long","short","long","It's wrong and I can provide a valid reason.",10,1,2,"Female",26,"short_long"
"long","short","long","It's wrong and I can provide a valid reason.",2,1,1,"Female",39,"short_long"
"long","short","long","It's wrong and I can provide a valid reason.",8,1,1,"Female",41,"short_long"
"long","short","long","It's wrong and I can provide a valid reason.",6,1,1,"Male",30,"short_long"
"control","short","control","There is nothing wrong.",5,6,6,"Male",24,"control"
"control","short","control","There is nothing wrong.",6,6,6,"Male",22,"control"
"control","short","control","There is nothing wrong.",6,7,7,"Female",27,"control"
"control","short","control","There is nothing wrong.",6,5,5,"Male",30,"control"
"control","short","control","There is nothing wrong.",1,4,4,"Female",39,"control"
"control","short","control","There is nothing wrong.",2,4,4,"Female",52,"control"
"control","short","control","There is nothing wrong.",4,4,4,"Female",32,"control"
"control","short","control","There is nothing wrong.",1,4,4,"Female",42,"control"
"control","short","control","There is nothing wrong.",7,7,7,"Female",59,"control"
"control","short","control","There is nothing wrong.",9,7,7,"Male",63,"control"
"control","short","control","There is nothing wrong.",4,4,4,"Male",38,"control"
"control","short","control","There is nothing wrong.",2,3,4,"Male",37,"control"
"control","short","control","It's wrong but I can't think of a reason.",6,2,2,"Male",30,"control"
"control","short","control","It's wrong but I can't think of a reason.",4,2,2,"Male",30,"control"
"control","short","control","It's wrong but I can't think of a reason.",3,6,6,"Female",30,"control"
"control","short","control","It's wrong and I can provide a valid reason.",4,4,4,"Male",27,"control"
"control","short","control","It's wrong and I can provide a valid reason.",7,2,2,"Female",45,"control"
"control","short","control","It's wrong and I can provide a valid reason.",4,1,1,"Male",31,"control"
"control","short","control","There is nothing wrong.",5,5,6,"Female",60,"control"
"control","short","control","There is nothing wrong.",8,4,4,"Male",55,"control"
"control","short","control","There is nothing wrong.",0,4,4,"Male",37,"control"
"control","short","control","There is nothing wrong.",2,3,3,"Female",30,"control"
"control","short","control","There is nothing wrong.",6,7,4,"Female",55,"control"
"control","short","control","It's wrong and I can provide a valid reason.",1,1,2,"Female",36,"control"
"control","short","control","It's wrong and I can provide a valid reason.",5,1,1,"Male",33,"control"
"control","short","control","It's wrong and I can provide a valid reason.",5,2,2,"Male",25,"control"
"control","short","control","It's wrong and I can provide a valid reason.",2,3,3,"Female",33,"control"
"control","short","control","It's wrong and I can provide a valid reason.",6,6,6,"Male",33,"control"
"control","short","control","There is nothing wrong.",3,3,4,"Female",23,"control"
"control","short","control","There is nothing wrong.",5,5,6,"Female",34,"control"
"control","short","control","It's wrong and I can provide a valid reason.",2,3,3,"Male",31,"control"
"control","short","control","It's wrong and I can provide a valid reason.",0,3,3,"Male",55,"control"
"control","short","control","It's wrong and I can provide a valid reason.",3,1,1,"Female",35,"control"
"control","short","control","There is nothing wrong.",5,3,4,"Male",27,"control"
"control","short","control","There is nothing wrong.",2,2,3,"Female",33,"control"
"control","short","control","There is nothing wrong.",5,4,4,"Female",26,"control"
"control","short","control","There is nothing wrong.",8,3,4,"Male",47,"control"
"control","short","control","It's wrong but I can't think of a reason.",2,1,1,"Male",57,"control"
"control","short","control","It's wrong but I can't think of a reason.",0,3,4,"Male",40,"control"
"control","short","control","It's wrong but I can't think of a reason.",4,1,1,"Female",30,"control"
"control","short","control","It's wrong but I can't think of a reason.",3,7,7,"Male",35,"control"
"control","short","control","It's wrong but I can't think of a reason.",5,3,2,"Male",31,"control"
"control","short","control","It's wrong but I can't think of a reason.",6,1,1,"Female",33,"control"
"control","short","control","It's wrong and I can provide a valid reason.",8,2,2,"Female",41,"control"
"control","short","control","It's wrong and I can provide a valid reason.",6,1,1,"Female",39,"control"
"control","short","control","It's wrong and I can provide a valid reason.",4,2,2,"Female",46,"control"
"control","short","control","It's wrong and I can provide a valid reason.",6,1,1,"Male",44,"control"
"control","short","control","It's wrong and I can provide a valid reason.",7,4,3,"Male",43,"control"
"control","short","control","It's wrong and I can provide a valid reason.",6,1,1,"Female",52,"control"
"control","short","control","It's wrong and I can provide a valid reason.",5,1,1,"Male",37,"control"
"control","short","control","It's wrong and I can provide a valid reason.",9,1,1,"Male",75,"control"
"control","short","control","It's wrong and I can provide a valid reason.",5,1,2,"Female",35,"control"
"control","short","control","It's wrong and I can provide a valid reason.",7,1,1,"Female",46,"control"
"control","short","control","It's wrong and I can provide a valid reason.",5,1,1,"Male",41,"control"
"control","short","control","It's wrong and I can provide a valid reason.",4,1,2,"Female",31,"control"
"control","short","control","It's wrong and I can provide a valid reason.",10,1,1,"Female",65,"control"
"control","short","control","It's wrong and I can provide a valid reason.",3,3,3,"Female",64,"control"
"control","short","control","It's wrong and I can provide a valid reason.",3,2,2,"Female",28,"control"
"control","short","control","It's wrong and I can provide a valid reason.",8,1,1,"Male",26,"control"
"control","short","control","It's wrong and I can provide a valid reason.",7,3,3,"Female",33,"control"
"long","short","long","It's wrong and I can provide a valid reason.",209,2,1,"Female",44,"short_long"
"long","short","long","It's wrong but I can't think of a reason.",180,5,6,"Male",30,"short_long"
"long","short","long","It's wrong and I can provide a valid reason.",175,3,2,"Female",33,"short_long"
"long","short","long","It's wrong and I can provide a valid reason.",NA,1,1,"Female",40,"short_long"
"long","short","long","It's wrong and I can provide a valid reason.",143,2,2,"Female",39,"short_long"
"long","short","long","There is nothing wrong.",145,4,4,"Male",30,"short_long"
"long","short","long","It's wrong and I can provide a valid reason.",NA,1,2,"Female",30,"short_long"
"long","short","long","It's wrong and I can provide a valid reason.",175,3,2,"Male",61,"short_long"
"long","short","long","It's wrong and I can provide a valid reason.",171,1,1,"Female",33,"short_long"
"long","short","long","It's wrong and I can provide a valid reason.",181,3,1,"Male",42,"short_long"
"long","short","long","It's wrong and I can provide a valid reason.",148,1,1,"Female",28,"short_long"
"long","short","long",NA,NA,5,NA,"Male",26,"short_long"
"long","short","long",NA,NA,4,NA,"Female",46,"short_long"
"long","short","long","It's wrong and I can provide a valid reason.",168,7,1,"Female",52,"short_long"
"long","short","long",NA,NA,1,NA,"Female",49,"short_long"
"long","short","long","It's wrong and I can provide a valid reason.",146,1,2,"Female",24,"short_long"
"long","short","long","It's wrong and I can provide a valid reason.",168,2,2,"Female",64,"short_long"
"long","short","long","It's wrong and I can provide a valid reason.",NA,7,NA,"Female",28,"short_long"
"long","short","long","There is nothing wrong.",206,6,6,"Male",37,"short_long"
"long","short","long","It's wrong and I can provide a valid reason.",NA,1,NA,"Female",30,"short_long"
"long","short","long","It's wrong and I can provide a valid reason.",124,1,1,"Male",51,"short_long"
"long","short","long",NA,NA,4,NA,"Male",25,"short_long"
"long","short","long","It's wrong but I can't think of a reason.",NA,2,1,"Male",27,"short_long"
"long","short","long","There is nothing wrong.",NA,4,7,"Male",19,"short_long"
"long","short","long","It's wrong and I can provide a valid reason.",206,1,1,"Female",29,"short_long"
"long","short","long","It's wrong and I can provide a valid reason.",172,1,1,"Female",30,"short_long"
"long","short","long","It's wrong but I can't think of a reason.",NA,1,3,"Male",37,"short_long"
"long","short","long","It's wrong and I can provide a valid reason.",NA,1,1,"Female",54,"short_long"
"long","short","long","It's wrong and I can provide a valid reason.",NA,1,1,"Male",33,"short_long"
"long","short","long","It's wrong and I can provide a valid reason.",162,1,1,"Male",43,"short_long"
"long","short","long","It's wrong and I can provide a valid reason.",160,5,1,"Female",31,"short_long"
"long","short","long","It's wrong and I can provide a valid reason.",NA,1,NA,"Male",83,"short_long"
"long","short","long","It's wrong and I can provide a valid reason.",NA,2,2,"Male",23,"short_long"
"long","short","long",NA,NA,NA,NA,"Male",33,"short_long"
"long","short","long","It's wrong but I can't think of a reason.",157,1,2,"Female",25,"short_long"
"long","short","long","It's wrong and I can provide a valid reason.",NA,7,6,"Female",30,"short_long"
"long","short","long","It's wrong and I can provide a valid reason.",NA,1,1,"Female",51,"short_long"
"long","short","long","It's wrong and I can provide a valid reason.",192,1,1,"Female",26,"short_long"
"long","short","long","It's wrong and I can provide a valid reason.",166,3,4,"Male",48,"short_long"
"control","short","control","It's wrong but I can't think of a reason.",NA,3,3,"Male",30,"control"
"control","short","control","It's wrong and I can provide a valid reason.",150,1,1,"Female",54,"control"
"control","short","control",NA,NA,5,NA,"Male",25,"control"
"control","short","control","There is nothing wrong.",144,7,7,"Male",50,"control"
"control","short","control","It's wrong and I can provide a valid reason.",NA,1,1,"Male",45,"control"
"control","short","control","There is nothing wrong.",NA,5,6,"Male",41,"control"
"control","short","control","It's wrong and I can provide a valid reason.",NA,2,1,"Female",37,"control"
"control","short","control","It's wrong and I can provide a valid reason.",146,1,1,"Male",72,"control"
"control","short","control","There is nothing wrong.",197,5,6,"Male",50,"control"
"control","short","control","There is nothing wrong.",124,7,7,"Male",38,"control"
"control","short","control","It's wrong and I can provide a valid reason.",155,1,1,"Male",44,"control"
"control","short","control","It's wrong and I can provide a valid reason.",NA,1,1,"Male",55,"control"
"control","short","control","There is nothing wrong.",NA,4,4,"Male",28,"control"
"control","short","control",NA,NA,1,NA,"Female",44,"control"
"control","short","control","It's wrong and I can provide a valid reason.",157,1,1,"Male",41,"control"
"control","short","control","It's wrong and I can provide a valid reason.",NA,1,1,"Male",55,"control"
"control","short","control",NA,NA,NA,NA,"Female",39,"control"
"control","short","control","There is nothing wrong.",217,7,7,"Male",59,"control"
"control","short","control","It's wrong but I can't think of a reason.",170,1,2,"Female",29,"control"
"control","short","control","It's wrong and I can provide a valid reason.",NA,1,1,"Female",43,"control"
"control","short","control",NA,NA,NA,NA,"Male",30,"control"
"control","short","control","There is nothing wrong.",147,2,1,"Male",33,"control"
"control","short","control",NA,NA,1,NA,"Male",47,"control"
"control","short","control","There is nothing wrong.",NA,5,5,"Male",21,"control"
"control","short","control","It's wrong and I can provide a valid reason.",NA,7,7,"Female",32,"control"
"control","short","control","It's wrong and I can provide a valid reason.",145,1,1,"Male",28,"control"
"control","short","control","It's wrong and I can provide a valid reason.",151,1,1,"Male",39,"control"
"control","short","control","It's wrong and I can provide a valid reason.",165,1,1,"Female",35,"control"
"control","short","control","It's wrong and I can provide a valid reason.",180,1,1,"Male",62,"control"
"control","short","control","It's wrong and I can provide a valid reason.",139,1,1,"Female",21,"control"
"control","short","control","It's wrong and I can provide a valid reason.",NA,1,1,"Female",43,"control"
"control","short","control","It's wrong and I can provide a valid reason.",NA,1,1,"Female",29,"control"
"control","short","control","It's wrong and I can provide a valid reason.",177,1,1,"Male",34,"control"
"control","short","control","It's wrong and I can provide a valid reason.",NA,1,1,"Female",42,"control"
"control","short","control","There is nothing wrong.",218,4,4,"Female",25,"control"
"control","short","control",NA,NA,NA,NA,"Female",43,"control"
"control","short","control","It's wrong and I can provide a valid reason.",NA,1,1,"Female",32,"control"
"short","short","long","There is nothing wrong.",NA,1,3,"Female",30,"short_long"
"short","short","long","It's wrong and I can provide a valid reason.",190,1,1,"Female",43,"short_long"
"short","short","long","It's wrong and I can provide a valid reason.",155,1,1,"Male",60,"short_long"
"short","short","long","There is nothing wrong.",143,6,7,"Female",30,"short_long"
"short","short","long","It's wrong and I can provide a valid reason.",168,1,1,"Female",36,"short_long"
"short","short","long","It's wrong but I can't think of a reason.",NA,4,1,"Female",33,"short_long"
"short","short","long","It's wrong but I can't think of a reason.",141,2,2,"Male",34,"short_long"
"short","short","long","There is nothing wrong.",119,5,5,"Male",28,"short_long"
"short","short","long","It's wrong and I can provide a valid reason.",208,1,1,"Female",36,"short_long"
"short","short","long","It's wrong and I can provide a valid reason.",187,1,1,"Female",69,"short_long"
"short","short","long","There is nothing wrong.",161,6,6,"Male",33,"short_long"
"short","short","long","It's wrong and I can provide a valid reason.",155,3,3,"Male",44,"short_long"
"short","short","long","It's wrong but I can't think of a reason.",NA,1,1,"Male",27,"short_long"
"short","short","long","There is nothing wrong.",190,2,6,"Female",39,"short_long"
"short","short","long","It's wrong but I can't think of a reason.",145,1,1,"Female",39,"short_long"
"short","short","long","It's wrong and I can provide a valid reason.",183,1,4,"Female",32,"short_long"
"short","short","long","There is nothing wrong.",160,4,4,"Female",51,"short_long"
"short","short","long","There is nothing wrong.",197,5,4,"Male",21,"short_long"
"short","short","long","It's wrong and I can provide a valid reason.",167,1,1,"Female",32,"short_long"
"short","short","long","There is nothing wrong.",NA,4,4,"Female",43,"short_long"
"short","short","long","It's wrong and I can provide a valid reason.",NA,1,1,"Female",47,"short_long"
"short","short","long","There is nothing wrong.",134,4,4,"Female",36,"short_long"
"short","short","long","It's wrong and I can provide a valid reason.",147,1,2,"Female",38,"short_long"
"short","short","long","It's wrong and I can provide a valid reason.",167,3,3,"Male",23,"short_long"
"short","short","long","There is nothing wrong.",NA,7,7,"Female",40,"short_long"
"short","short","long","It's wrong and I can provide a valid reason.",180,1,1,"Male",36,"short_long"
"short","short","long","There is nothing wrong.",186,5,5,"Male",46,"short_long"
"short","short","long","There is nothing wrong.",NA,6,5,"Male",42,"short_long"
"short","short","long","There is nothing wrong.",160,7,7,"Male",71,"short_long"
"short","short","long","It's wrong and I can provide a valid reason.",NA,1,1,"Female",24,"short_long"
"short","short","long","There is nothing wrong.",NA,4,4,"Male",41,"short_long"
"short","short","long","It's wrong and I can provide a valid reason.",NA,2,2,"Female",30,"short_long"
"short","short","long","It's wrong but I can't think of a reason.",147,1,2,"Male",36,"short_long"
"short","short","long","There is nothing wrong.",NA,7,7,"Male",35,"short_long"
"short","short","long","It's wrong and I can provide a valid reason.",183,2,4,"Male",64,"short_long"
"short","short","long","It's wrong but I can't think of a reason.",NA,5,3,"Male",36,"short_long"
"short","short","long","It's wrong and I can provide a valid reason.",167,1,1,"Female",55,"short_long"
"long","long","long","It's wrong and I can provide a valid reason.",NA,2,2,"Male",26,"long_long"
"long","long","long","There is nothing wrong.",158,6,7,"Male",22,"long_long"
"long","long","long","It's wrong and I can provide a valid reason.",NA,3,2,"Female",56,"long_long"
"long","long","long","It's wrong and I can provide a valid reason.",142,1,1,"Female",42,"long_long"
"long","long","long","It's wrong and I can provide a valid reason.",149,1,1,"Male",73,"long_long"
"long","long","long","It's wrong and I can provide a valid reason.",183,1,1,"Male",33,"long_long"
"long","long","long","There is nothing wrong.",183,4,4,"Male",70,"long_long"
"long","long","long","There is nothing wrong.",118,7,7,"Female",24,"long_long"
"long","long","long","It's wrong and I can provide a valid reason.",168,1,1,"Female",27,"long_long"
"long","long","long","It's wrong and I can provide a valid reason.",212,1,1,"Male",37,"long_long"
"long","long","long","It's wrong and I can provide a valid reason.",196,1,1,"Male",34,"long_long"
"long","long","long","It's wrong and I can provide a valid reason.",171,1,1,"Female",57,"long_long"
"long","long","long","It's wrong but I can't think of a reason.",NA,5,2,"Female",33,"long_long"
"long","long","long","It's wrong and I can provide a valid reason.",142,2,3,"Male",29,"long_long"
"long","long","long","There is nothing wrong.",NA,7,7,"Male",26,"long_long"
"long","long","long","It's wrong and I can provide a valid reason.",189,1,1,"Female",51,"long_long"
"long","long","long","It's wrong and I can provide a valid reason.",NA,3,2,"Male",35,"long_long"
"long","long","long","It's wrong and I can provide a valid reason.",217,1,1,"Female",38,"long_long"
"long","long","long","It's wrong and I can provide a valid reason.",160,1,1,"Male",59,"long_long"
"long","long","long","It's wrong and I can provide a valid reason.",208,1,1,"Female",38,"long_long"
"long","long","long","It's wrong and I can provide a valid reason.",206,1,1,"Male",68,"long_long"
"long","long","long","There is nothing wrong.",NA,2,4,"Female",50,"long_long"
"long","long","long","It's wrong and I can provide a valid reason.",195,1,1,"Female",28,"long_long"
"long","long","long","It's wrong and I can provide a valid reason.",169,1,1,"Female",33,"long_long"
"long","long","long","It's wrong and I can provide a valid reason.",197,3,2,"Male",47,"long_long"
"long","long","long","It's wrong and I can provide a valid reason.",179,1,1,"Female",70,"long_long"
"long","long","long","It's wrong and I can provide a valid reason.",160,2,2,"Male",42,"long_long"
"long","long","long","It's wrong and I can provide a valid reason.",163,3,3,"Male",40,"long_long"
"long","long","long","It's wrong and I can provide a valid reason.",110,1,2,"Female",33,"long_long"
"long","long","long","There is nothing wrong.",166,5,6,"Male",34,"long_long"
"long","long","long","It's wrong but I can't think of a reason.",NA,1,1,"Female",29,"long_long"
"long","long","long","It's wrong and I can provide a valid reason.",152,1,1,"Male",60,"long_long"
"long","long","long","It's wrong and I can provide a valid reason.",NA,1,1,"Male",56,"long_long"
"long","long","long","It's wrong and I can provide a valid reason.",NA,1,1,"Male",30,"long_long"
"short","short","long","It's wrong and I can provide a valid reason.",141,1,1,"Male",30,"short_long"
"short","short","long","It's wrong and I can provide a valid reason.",187,1,1,"Female",39,"short_long"
"short","short","long","There is nothing wrong.",167,5,6,"Male",32,"short_long"
"short","short","long","It's wrong and I can provide a valid reason.",210,1,1,"Male",64,"short_long"
"short","short","long","It's wrong and I can provide a valid reason.",130,1,1,"Female",50,"short_long"
"short","short","long","It's wrong and I can provide a valid reason.",NA,1,1,"Female",34,"short_long"
"short","short","long","It's wrong and I can provide a valid reason.",218,2,1,"Male",25,"short_long"
"short","short","long","There is nothing wrong.",169,4,4,"Female",43,"short_long"
"short","short","long","There is nothing wrong.",177,7,7,"Male",24,"short_long"
"short","short","long","There is nothing wrong.",157,6,6,"Female",39,"short_long"
"short","short","long","It's wrong and I can provide a valid reason.",175,1,1,"Female",41,"short_long"
"short","short","long","It's wrong and I can provide a valid reason.",165,4,1,"Female",36,"short_long"
"short","short","long","It's wrong but I can't think of a reason.",150,4,4,"Male",36,"short_long"
"short","short","long","It's wrong and I can provide a valid reason.",NA,1,1,"Female",29,"short_long"
"short","short","long","It's wrong and I can provide a valid reason.",191,1,1,"Male",27,"short_long"
"short","short","long","It's wrong and I can provide a valid reason.",114,2,1,"Female",30,"short_long"
"short","short","long","It's wrong and I can provide a valid reason.",196,1,1,"Female",40,"short_long"
"short","short","long","It's wrong and I can provide a valid reason.",172,1,1,"Female",32,"short_long"
"short","short","long","It's wrong and I can provide a valid reason.",172,1,1,"Female",45,"short_long"
"short","short","long","It's wrong and I can provide a valid reason.",NA,2,2,"Male",23,"short_long"
"short","short","long","It's wrong and I can provide a valid reason.",NA,5,2,"Male",47,"short_long"
"short","short","long","It's wrong and I can provide a valid reason.",149,1,1,"Female",43,"short_long"
"short","short","long","It's wrong and I can provide a valid reason.",NA,1,1,"Female",32,"short_long"
"short","short","long","It's wrong but I can't think of a reason.",178,3,2,"Female",69,"short_long"
"short","short","long","It's wrong but I can't think of a reason.",117,2,2,"Female",41,"short_long"
"short","short","long","It's wrong and I can provide a valid reason.",164,1,1,"Male",35,"short_long"
"short","short","long","It's wrong but I can't think of a reason.",210,1,1,"Male",55,"short_long"
"short","short","long","It's wrong and I can provide a valid reason.",NA,4,4,"Male",26,"short_long"
"short","short","long","There is nothing wrong.",156,7,7,"Male",36,"short_long"
"short","short","long","There is nothing wrong.",NA,7,7,"Female",25,"short_long"
"short","short","long","It's wrong but I can't think of a reason.",209,2,5,"Female",35,"short_long"
"short","short","long","It's wrong but I can't think of a reason.",204,1,1,"Male",29,"short_long"
"short","short","long","There is nothing wrong.",136,6,6,"Male",27,"short_long"
"short","short","long","It's wrong and I can provide a valid reason.",144,1,1,"Female",46,"short_long"
"short","short","long","It's wrong and I can provide a valid reason.",168,1,1,"Female",24,"short_long"
"short","short","long","It's wrong and I can provide a valid reason.",177,1,1,"Female",38,"short_long"
"short","short","long","It's wrong and I can provide a valid reason.",130,1,1,"Female",27,"short_long"
"short","short","long","It's wrong and I can provide a valid reason.",174,1,1,"Female",32,"short_long"
"long","long","long","It's wrong but I can't think of a reason.",200,1,1,"Female",68,"long_long"
"long","long","long","It's wrong but I can't think of a reason.",168,3,3,"Female",25,"long_long"
"long","long","long","It's wrong and I can provide a valid reason.",193,1,1,"Male",56,"long_long"
"long","long","long","It's wrong and I can provide a valid reason.",178,1,1,"Female",47,"long_long"
"long","long","long","It's wrong but I can't think of a reason.",158,2,2,"Female",65,"long_long"
"long","long","long","It's wrong and I can provide a valid reason.",162,1,2,"Female",34,"long_long"
"long","long","long","It's wrong and I can provide a valid reason.",152,1,1,"Female",31,"long_long"
"long","long","long","It's wrong and I can provide a valid reason.",187,1,1,"Female",23,"long_long"
"long","long","long","It's wrong and I can provide a valid reason.",170,1,1,"Female",65,"long_long"
"long","long","long","It's wrong but I can't think of a reason.",191,5,4,"Male",22,"long_long"
"long","long","long","There is nothing wrong.",156,7,7,"Male",63,"long_long"
"long","long","long","It's wrong and I can provide a valid reason.",159,1,1,"Female",56,"long_long"
"long","long","long","It's wrong and I can provide a valid reason.",NA,1,1,"Male",41,"long_long"
"long","long","long","It's wrong and I can provide a valid reason.",129,3,2,"Female",28,"long_long"
"long","long","long","It's wrong and I can provide a valid reason.",144,1,2,"Female",23,"long_long"
"long","long","long","There is nothing wrong.",168,4,4,"Female",51,"long_long"
"long","long","long","There is nothing wrong.",NA,1,1,"Female",42,"long_long"
"long","long","long","There is nothing wrong.",147,7,7,"Male",29,"long_long"
"long","long","long","It's wrong and I can provide a valid reason.",184,1,1,"Female",31,"long_long"
"long","long","long","It's wrong but I can't think of a reason.",179,1,2,"Male",26,"long_long"
"long","long","long","It's wrong and I can provide a valid reason.",210,1,1,"Female",23,"long_long"
"long","long","long","There is nothing wrong.",NA,7,7,"Male",25,"long_long"
"long","long","long","It's wrong and I can provide a valid reason.",167,1,1,"Male",42,"long_long"
"long","long","long","It's wrong and I can provide a valid reason.",NA,1,1,"Male",67,"long_long"
"long","long","long","There is nothing wrong.",134,7,7,"Female",63,"long_long"
"long","long","long","It's wrong and I can provide a valid reason.",182,2,1,"Male",49,"long_long"
"long","long","long","It's wrong and I can provide a valid reason.",131,1,1,"Male",26,"long_long"
"long","long","long","There is nothing wrong.",112,5,5,"Male",31,"long_long"
"long","long","long","It's wrong and I can provide a valid reason.",NA,1,1,"Male",48,"long_long"
"long","long","long","There is nothing wrong.",181,4,5,"Male",36,"long_long"
"long","long","long","It's wrong but I can't think of a reason.",161,1,3,"Male",49,"long_long"
"long","long","long","It's wrong and I can provide a valid reason.",250,1,1,"Male",46,"long_long"
"long","long","long","It's wrong and I can provide a valid reason.",167,1,1,"Female",44,"long_long"
"long","long","long","It's wrong and I can provide a valid reason.",157,2,2,"Male",46,"long_long"
"long","long","long","It's wrong and I can provide a valid reason.",149,1,1,"Female",41,"long_long"
"long","long","long","It's wrong and I can provide a valid reason.",129,1,1,"Male",32,"long_long"
"long","long","long","It's wrong and I can provide a valid reason.",178,1,1,"Male",50,"long_long"
"long","long","long","It's wrong and I can provide a valid reason.",NA,1,1,"Female",63,"long_long"
"long","long","long","There is nothing wrong.",159,7,7,"Male",34,"long_long"
"short","short","short","It's wrong and I can provide a valid reason.",NA,1,3,"Female",58,"short_short"
"short","short","short","It's wrong but I can't think of a reason.",187,2,2,"Male",28,"short_short"
"short","short","short","It's wrong and I can provide a valid reason.",178,1,2,"Female",22,"short_short"
"short","short","short","It's wrong and I can provide a valid reason.",207,1,1,"Female",45,"short_short"
"short","short","short","There is nothing wrong.",NA,4,4,"Male",50,"short_short"
"short","short","short","It's wrong and I can provide a valid reason.",156,1,2,"Female",61,"short_short"
"short","short","short","It's wrong and I can provide a valid reason.",163,1,1,"Male",29,"short_short"
"short","short","short","It's wrong and I can provide a valid reason.",NA,2,2,"Female",31,"short_short"
"short","short","short","It's wrong and I can provide a valid reason.",191,1,1,"Male",57,"short_short"
"short","short","short","It's wrong and I can provide a valid reason.",173,1,1,"Female",32,"short_short"
"short","short","short","There is nothing wrong.",NA,7,7,"Male",32,"short_short"
"short","short","short","It's wrong and I can provide a valid reason.",209,1,1,"Male",33,"short_short"
"short","short","short","There is nothing wrong.",194,6,6,"Male",42,"short_short"
"short","short","short","There is nothing wrong.",173,6,6,"Male",35,"short_short"
"short","short","short","It's wrong and I can provide a valid reason.",167,4,3,"Female",27,"short_short"
"short","short","short","It's wrong and I can provide a valid reason.",172,1,1,"Male",37,"short_short"
"short","short","short","There is nothing wrong.",180,6,5,"Female",48,"short_short"
"short","short","short","It's wrong but I can't think of a reason.",161,1,1,"Female",39,"short_short"
"short","short","short","There is nothing wrong.",145,4,4,"Male",31,"short_short"
"short","short","short","There is nothing wrong.",159,6,6,"Male",64,"short_short"
"short","short","short","It's wrong and I can provide a valid reason.",163,1,1,"Female",31,"short_short"
"short","short","short","It's wrong and I can provide a valid reason.",158,1,1,"Female",27,"short_short"
"short","short","short","It's wrong and I can provide a valid reason.",164,1,1,"Female",57,"short_short"
"short","short","short","It's wrong and I can provide a valid reason.",163,1,1,"Female",36,"short_short"
"short","short","short","It's wrong and I can provide a valid reason.",176,1,1,"Female",24,"short_short"
"short","short","short","It's wrong and I can provide a valid reason.",181,1,1,"Female",51,"short_short"
"short","short","short","It's wrong and I can provide a valid reason.",170,1,1,"Female",58,"short_short"
"short","short","short","It's wrong and I can provide a valid reason.",242,1,1,"Male",35,"short_short"
"short","short","short","There is nothing wrong.",180,1,5,"Male",42,"short_short"
"short","short","short","There is nothing wrong.",194,7,7,"Female",39,"short_short"
"short","short","short","It's wrong and I can provide a valid reason.",134,4,4,"Female",26,"short_short"
"short","short","short","It's wrong but I can't think of a reason.",NA,1,1,"Female",39,"short_short"
"short","short","short","It's wrong and I can provide a valid reason.",NA,1,1,"Female",65,"short_short"
"long","long","short","It's wrong and I can provide a valid reason.",224,1,1,"Female",40,"long_short"
"long","long","short","It's wrong and I can provide a valid reason.",166,1,1,"Female",33,"long_short"
"long","long","short","It's wrong and I can provide a valid reason.",157,1,1,"Male",49,"long_short"
"long","long","short","There is nothing wrong.",150,4,4,"Male",50,"long_short"
"long","long","short","It's wrong and I can provide a valid reason.",182,1,1,"Female",28,"long_short"
"long","long","short","It's wrong but I can't think of a reason.",122,1,2,"Male",27,"long_short"
"long","long","short","It's wrong and I can provide a valid reason.",195,1,1,"Male",53,"long_short"
"long","long","short","It's wrong and I can provide a valid reason.",175,1,1,"Female",50,"long_short"
"long","long","short","It's wrong and I can provide a valid reason.",153,2,2,"Male",35,"long_short"
"long","long","short","It's wrong and I can provide a valid reason.",151,1,1,"Female",54,"long_short"
"long","long","short","It's wrong and I can provide a valid reason.",NA,1,1,"Female",28,"long_short"
"long","long","short","It's wrong and I can provide a valid reason.",145,1,1,"Female",64,"long_short"
"long","long","short","It's wrong and I can provide a valid reason.",186,1,1,"Female",56,"long_short"
"long","long","short","It's wrong and I can provide a valid reason.",159,1,1,"Female",47,"long_short"
"long","long","short","It's wrong and I can provide a valid reason.",137,1,1,"Male",25,"long_short"
"long","long","short","It's wrong and I can provide a valid reason.",135,3,3,"Male",28,"long_short"
"long","long","short","It's wrong but I can't think of a reason.",131,3,3,"Female",34,"long_short"
"long","long","short","It's wrong and I can provide a valid reason.",180,1,1,"Male",59,"long_short"
"long","long","short","It's wrong and I can provide a valid reason.",148,1,1,"Female",22,"long_short"
"long","long","short","It's wrong and I can provide a valid reason.",177,1,1,"Male",40,"long_short"
"long","long","short","It's wrong and I can provide a valid reason.",NA,1,1,"Male",63,"long_short"
"long","long","short","There is nothing wrong.",162,5,5,"Female",23,"long_short"
"long","long","short","It's wrong and I can provide a valid reason.",157,2,2,"Female",30,"long_short"
"long","long","short","It's wrong and I can provide a valid reason.",166,1,1,"Male",24,"long_short"
"long","long","short","It's wrong and I can provide a valid reason.",NA,1,1,"Male",31,"long_short"
"long","long","short","There is nothing wrong.",134,6,6,"Female",40,"long_short"
"long","long","short","It's wrong and I can provide a valid reason.",NA,1,1,"Female",31,"long_short"
"long","long","short","It's wrong and I can provide a valid reason.",NA,1,1,"Female",44,"long_short"
"long","long","short","It's wrong and I can provide a valid reason.",NA,1,1,"Female",49,"long_short"
"long","long","short","It's wrong and I can provide a valid reason.",176,1,1,"Male",28,"long_short"
"long","long","short","It's wrong and I can provide a valid reason.",174,1,1,"Female",30,"long_short"
"long","long","short","It's wrong but I can't think of a reason.",NA,1,2,"Female",32,"long_short"
"long","long","short","It's wrong and I can provide a valid reason.",210,1,1,"Female",45,"long_short"
"long","long","short","There is nothing wrong.",146,7,7,"Female",44,"long_short"
"long","long","short","There is nothing wrong.",NA,4,4,"Female",47,"long_short"
"long","long","short","It's wrong and I can provide a valid reason.",141,1,1,"Female",24,"long_short"
"long","long","short","There is nothing wrong.",176,3,4,"Male",40,"long_short"
"long","long","short","It's wrong and I can provide a valid reason.",164,1,1,"Female",36,"long_short"
"short","short","long","It's wrong and I can provide a valid reason.",175,1,1,"Female",37,"short_long"
"short","short","long","It's wrong and I can provide a valid reason.",174,3,3,"Female",31,"short_long"
"short","short","long","It's wrong and I can provide a valid reason.",143,2,2,"Female",20,"short_long"
"short","short","long","There is nothing wrong.",165,4,4,"Male",46,"short_long"
"short","short","long","It's wrong and I can provide a valid reason.",190,1,1,"Male",52,"short_long"
"short","short","long","There is nothing wrong.",151,7,7,"Male",30,"short_long"
"short","short","long","It's wrong and I can provide a valid reason.",180,1,1,"Female",50,"short_long"
"short","short","long","It's wrong and I can provide a valid reason.",201,1,1,"Female",35,"short_long"
"short","short","long","It's wrong and I can provide a valid reason.",148,1,1,"Male",36,"short_long"
"short","short","long","It's wrong and I can provide a valid reason.",142,1,1,"Female",44,"short_long"
"short","short","long","There is nothing wrong.",180,3,4,"Female",31,"short_long"
"short","short","long","It's wrong and I can provide a valid reason.",180,1,1,"Male",67,"short_long"
"short","short","long","It's wrong and I can provide a valid reason.",173,1,1,"Female",52,"short_long"
"short","short","long","There is nothing wrong.",138,7,7,"Male",63,"short_long"
"short","short","long","It's wrong and I can provide a valid reason.",208,1,1,"Female",41,"short_long"
"short","short","long","It's wrong and I can provide a valid reason.",166,1,1,"Female",50,"short_long"
"short","short","long","There is nothing wrong.",176,4,4,"Female",40,"short_long"
"short","short","long","It's wrong and I can provide a valid reason.",155,1,1,"Female",34,"short_long"
"short","short","long","It's wrong and I can provide a valid reason.",156,1,1,"Female",58,"short_long"
"short","short","long","It's wrong and I can provide a valid reason.",123,1,1,"Female",35,"short_long"
"short","short","long","It's wrong and I can provide a valid reason.",182,1,1,"Female",31,"short_long"
"short","short","long","It's wrong and I can provide a valid reason.",173,1,1,"Female",26,"short_long"
"short","short","long","It's wrong and I can provide a valid reason.",170,1,1,"Female",61,"short_long"
"short","short","long","It's wrong and I can provide a valid reason.",190,2,1,"Female",30,"short_long"
"short","short","long","It's wrong and I can provide a valid reason.",141,1,1,"Female",36,"short_long"
"short","short","long","It's wrong and I can provide a valid reason.",153,1,1,"Female",29,"short_long"
"short","short","long","It's wrong and I can provide a valid reason.",196,1,1,"Female",38,"short_long"
"short","short","long","It's wrong but I can't think of a reason.",162,5,5,"Female",31,"short_long"
"short","short","long","There is nothing wrong.",149,4,4,"Male",26,"short_long"
"short","short","long","It's wrong and I can provide a valid reason.",142,1,2,"Male",22,"short_long"
"short","short","long","It's wrong but I can't think of a reason.",208,1,4,"Female",33,"short_long"
"short","short","long","It's wrong and I can provide a valid reason.",187,1,1,"Female",49,"short_long"
"short","short","long","It's wrong and I can provide a valid reason.",156,1,1,"Female",49,"short_long"
"short","short","long","It's wrong and I can provide a valid reason.",171,1,1,"Female",35,"short_long"
"short","short","long","It's wrong and I can provide a valid reason.",148,1,1,"Female",55,"short_long"
"short","short","long","It's wrong and I can provide a valid reason.",161,1,1,"Female",41,"short_long"
"short","short","long","It's wrong and I can provide a valid reason.",186,1,1,"Female",26,"short_long"
"short","short","long","It's wrong and I can provide a valid reason.",185,1,1,"Female",24,"short_long"
"short","short","long","It's wrong and I can provide a valid reason.",174,1,1,"Female",40,"short_long"
"short","short","long","It's wrong and I can provide a valid reason.",139,1,2,"Female",22,"short_long"
"short","short","long","It's wrong and I can provide a valid reason.",211,1,1,"Male",43,"short_long"
"short","short","long","It's wrong and I can provide a valid reason.",140,1,1,"Female",65,"short_long"
"short","short","long","It's wrong and I can provide a valid reason.",158,1,1,"Male",60,"short_long"
"short","short","long","It's wrong and I can provide a valid reason.",198,2,2,"Female",31,"short_long"
"short","short","long","It's wrong and I can provide a valid reason.",142,1,1,"Male",31,"short_long"
"short","short","long","It's wrong and I can provide a valid reason.",130,1,1,"Female",26,"short_long"
"short","short","long","It's wrong and I can provide a valid reason.",196,1,1,"Female",65,"short_long"
"short","short","long","It's wrong but I can't think of a reason.",164,1,1,"Female",40,"short_long"
"long","long","long","It's wrong and I can provide a valid reason.",182,1,1,"Male",45,"long_long"
"long","long","long","It's wrong and I can provide a valid reason.",179,1,1,"Male",31,"long_long"
"long","long","long","It's wrong and I can provide a valid reason.",218,1,1,"Female",30,"long_long"
"long","long","long","It's wrong and I can provide a valid reason.",172,2,2,"Female",45,"long_long"
"long","long","long","It's wrong and I can provide a valid reason.",214,1,1,"Female",38,"long_long"
"long","long","long","It's wrong and I can provide a valid reason.",174,1,1,"Female",45,"long_long"
"long","long","long","It's wrong and I can provide a valid reason.",172,1,1,"Female",25,"long_long"
"long","long","long","It's wrong and I can provide a valid reason.",176,1,1,"Female",66,"long_long"
"long","long","long","It's wrong and I can provide a valid reason.",204,2,2,"Male",32,"long_long"
"long","long","long","It's wrong and I can provide a valid reason.",171,1,1,"Female",60,"long_long"
"long","long","long","It's wrong and I can provide a valid reason.",151,1,1,"Female",26,"long_long"
"long","long","long","It's wrong and I can provide a valid reason.",185,2,2,"Male",27,"long_long"
"long","long","long","It's wrong and I can provide a valid reason.",151,1,1,"Male",37,"long_long"
"long","long","long","It's wrong but I can't think of a reason.",183,1,1,"Female",36,"long_long"
"long","long","long","It's wrong and I can provide a valid reason.",131,1,1,"Female",30,"long_long"
"long","long","long","It's wrong and I can provide a valid reason.",111,1,1,"Female",33,"long_long"
"long","long","long","It's wrong and I can provide a valid reason.",146,1,1,"Female",25,"long_long"
"long","long","long","It's wrong and I can provide a valid reason.",147,1,1,"Female",34,"long_long"
"long","long","long","It's wrong and I can provide a valid reason.",175,1,1,"Female",49,"long_long"
"long","long","long","It's wrong and I can provide a valid reason.",190,1,1,"Male",43,"long_long"
"long","long","long","It's wrong and I can provide a valid reason.",177,1,1,"Male",21,"long_long"
"long","long","long","It's wrong and I can provide a valid reason.",182,1,3,"Male",32,"long_long"
"long","long","long","It's wrong but I can't think of a reason.",174,1,1,"Female",22,"long_long"
"long","long","long","It's wrong and I can provide a valid reason.",160,2,1,"Female",27,"long_long"
"long","long","long","It's wrong and I can provide a valid reason.",155,2,2,"Female",31,"long_long"
"long","long","long","It's wrong and I can provide a valid reason.",190,1,1,"Female",39,"long_long"
"long","long","long","It's wrong and I can provide a valid reason.",169,1,1,"Female",55,"long_long"
"long","long","long","It's wrong and I can provide a valid reason.",178,1,1,"Female",40,"long_long"
"long","long","long","It's wrong and I can provide a valid reason.",123,3,2,"Female",55,"long_long"
"long","long","long","It's wrong and I can provide a valid reason.",151,2,2,"Female",35,"long_long"
"long","long","long","There is nothing wrong.",173,5,5,"Female",57,"long_long"
"long","long","long","It's wrong and I can provide a valid reason.",178,1,1,"Female",37,"long_long"
"long","long","long","It's wrong and I can provide a valid reason.",158,2,2,"Male",37,"long_long"
"long","long","long","It's wrong and I can provide a valid reason.",169,1,1,"Male",55,"long_long"
"long","long","long","It's wrong and I can provide a valid reason.",125,3,2,"Female",35,"long_long"
"long","long","long","It's wrong and I can provide a valid reason.",172,1,1,"Female",52,"long_long"
"long","long","long","There is nothing wrong.",160,4,5,"Male",41,"long_long"
"long","long","long","It's wrong and I can provide a valid reason.",154,1,1,"Female",29,"long_long"
"long","long","long","It's wrong and I can provide a valid reason.",159,1,1,"Male",38,"long_long"
